project,scene_id,uid,title,image_path_used,image_exists,has_structured_data,has_gen_overrides,expected_numeric_count,ocr_numeric_count,numeric_match_ratio,ocr_avg_conf,ocr_token_count,mean_brightness,contrast_std,sharpness_laplacian_var,mean_saturation,entropy
01-01-1983-0,0,0aef9c9c,Title Card,/Users/davidmontgomery/local-explainer-video/projects/01-01-1983-0/images/scene_000.png,True,False,False,0,0,,51.468766142857135,14,46.83420325969828,62.34645115939781,726.5308153170662,154.35955697218998,6.623341063198987
01-01-1983-0,1,d93f35bc,The Roadmap,/Users/davidmontgomery/local-explainer-video/projects/01-01-1983-0/images/scene_001.png,True,False,False,6,6,1.0,83.56617831249997,32,39.0604698120441,52.97218380230948,774.9064201691708,125.18693854132128,6.080005209292235
01-01-1983-0,2,0e577e24,The Baseline Challenge,/Users/davidmontgomery/local-explainer-video/projects/01-01-1983-0/images/scene_002.png,True,False,False,5,8,0.8,57.33921736170214,47,47.13367638221154,43.37246247312838,400.15816818366335,134.72670496933023,6.53882519183017
01-01-1983-0,3,e8c24423,The Measurement Tools,/Users/davidmontgomery/local-explainer-video/projects/01-01-1983-0/images/scene_003.png,True,False,False,1,4,0.0,48.17920490697674,43,49.47655408135776,61.82836712775101,878.0608778520907,156.61817636666942,6.633039971668529
01-01-1983-0,4,b24b0306,The Breakthrough,/Users/davidmontgomery/local-explainer-video/projects/01-01-1983-0/images/scene_004.png,True,False,False,9,17,0.6666666666666666,65.1072733,50,71.13056342734582,54.74890639624124,508.3437427804167,130.19192820581895,7.252124783487306
01-01-1983-0,5,632a045e,The Efficiency Paradox,/Users/davidmontgomery/local-explainer-video/projects/01-01-1983-0/images/scene_005.png,True,False,False,13,19,0.5384615384615384,62.51775529166668,72,63.41024755988892,50.51669302281292,680.6558654015677,126.70022574912964,6.78903265821902
01-01-1983-0,6,fe218009,Neural Efficiency Explained,/Users/davidmontgomery/local-explainer-video/projects/01-01-1983-0/images/scene_006.png,True,False,False,2,2,1.0,52.828068200000004,35,66.98230466159649,59.62859840263999,478.1822299665859,146.65915443157328,7.295850335005766
01-01-1983-0,7,b535c1dd,The Alpha Frequency Shift,/Users/davidmontgomery/local-explainer-video/projects/01-01-1983-0/images/scene_007.png,True,False,False,7,1,0.14285714285714285,63.794002187500006,16,54.57268914746353,47.099693021823846,628.0874356308848,143.29688859934515,6.5770705778532195
01-01-1983-0,8,342fb8f6,The Session Two Mystery,/Users/davidmontgomery/local-explainer-video/projects/01-01-1983-0/images/scene_008.png,True,False,False,3,3,1.0,78.87943515789475,19,46.474857401152185,49.38004059182016,403.13200291524475,154.71716988561008,6.547293426198469
01-01-1983-0,9,cdd7fccf,Simple vs Complex Tasks,/Users/davidmontgomery/local-explainer-video/projects/01-01-1983-0/images/scene_009.png,True,False,False,3,3,0.3333333333333333,67.74755700000001,27,163.187940359748,66.20239002670598,530.9970912261687,85.57223000766744,7.416140072472399
01-01-1983-0,10,c8890e04,Processing Speed Gains,/Users/davidmontgomery/local-explainer-video/projects/01-01-1983-0/images/scene_010.png,True,False,False,7,5,0.0,81.05058747368422,19,65.96411197571287,37.51309390201335,464.07621572711616,123.16465180495689,6.494162191551998
01-01-1983-0,11,10353e3d,Network Stability,/Users/davidmontgomery/local-explainer-video/projects/01-01-1983-0/images/scene_011.png,True,False,False,4,6,1.0,61.55401976271185,59,56.138873274825926,58.742893674236875,979.6819305162963,142.48947734478614,6.928563393081119
01-01-1983-0,12,efc47fc0,Synthesis: The Full Picture,/Users/davidmontgomery/local-explainer-video/projects/01-01-1983-0/images/scene_012.png,True,False,False,4,3,0.0,44.54109267741936,31,49.746348252030835,47.60964468760611,399.8001033886304,137.2489683925315,6.746663992279906
01-01-1983-0,13,ab28ec34,The LUMIT Factor,/Users/davidmontgomery/local-explainer-video/projects/01-01-1983-0/images/scene_013.png,True,False,False,0,1,,63.66296012,25,53.68879841366876,55.14912027863834,689.240725475658,141.2832542844413,6.921682534587166
01-01-1983-0,14,2f4a06c3,Next Steps Forward,/Users/davidmontgomery/local-explainer-video/projects/01-01-1983-0/images/scene_014.png,True,False,False,0,1,,50.97885178947369,19,116.24201459404011,69.79926275884966,374.1244132533814,120.1686921056449,7.751242383008227
01-01-1989-0,0,d77cf1f0,Title Card,/Users/davidmontgomery/local-explainer-video/projects/01-01-1989-0/images/scene_000.png,True,False,False,1,1,1.0,69.90904180952381,21,46.683009625746024,54.48570782902827,381.77632554265523,175.9206154416031,6.824963529913768
01-01-1989-0,1,dea910a1,The Roadmap,/Users/davidmontgomery/local-explainer-video/projects/01-01-1989-0/images/scene_001.png,True,False,False,6,6,1.0,90.08227978571426,28,47.978993544844165,48.69074712566698,731.6328825758067,197.31632465392906,4.310479950946965
01-01-1989-0,2,c6bd4530,Three Snapshots in Time,/Users/davidmontgomery/local-explainer-video/projects/01-01-1989-0/images/scene_002.png,True,False,False,6,5,0.8333333333333334,77.66434218181817,22,46.23927141184516,34.96075275399708,350.319766189363,172.27118259905504,6.453118630971367
01-01-1989-0,3,11192bd1,The Measurement Tool,/Users/davidmontgomery/local-explainer-video/projects/01-01-1989-0/images/scene_003.png,True,False,False,0,0,,78.806101125,16,51.476545015127655,52.605225199364945,586.0679953172994,132.80215025074602,6.73676543963461
01-01-1989-0,4,10efda32,The Paradox Revealed,/Users/davidmontgomery/local-explainer-video/projects/01-01-1989-0/images/scene_004.png,True,False,False,4,2,0.25,68.39329328571428,14,53.032493368700266,59.88023425833033,344.41331612228,150.75535360887764,6.846253020590385
01-01-1989-0,5,cd83049f,Speed Versus Power,/Users/davidmontgomery/local-explainer-video/projects/01-01-1989-0/images/scene_005.png,True,False,False,6,7,0.5,64.39257049999999,24,41.346657021924734,41.308531404764636,420.11462550529285,159.43775773997015,5.870078459255252
01-01-1989-0,6,d5f2a941,"Two Hemispheres, Two Jobs",/Users/davidmontgomery/local-explainer-video/projects/01-01-1989-0/images/scene_006.png,True,False,False,1,2,0.0,63.00903131250002,32,46.87041961103282,55.963941258506075,504.25851113036845,164.09200475070458,6.358403245220874
01-01-1989-0,7,106e9d57,Right Side: The Speedster,/Users/davidmontgomery/local-explainer-video/projects/01-01-1989-0/images/scene_007.png,True,False,False,4,2,0.0,71.98401327777778,36,52.78721234147049,58.55417228863965,503.82251206498006,165.4799234810179,6.926534530060951
01-01-1989-0,8,3b6bb19e,Left Side: The Amplifier,/Users/davidmontgomery/local-explainer-video/projects/01-01-1989-0/images/scene_008.png,True,False,False,4,6,0.75,60.06687932558139,43,50.98676977992374,56.60054210731623,391.99444272451046,145.08200469889755,6.68545741644004
01-01-1989-0,9,a1608444,The Balancing Act,/Users/davidmontgomery/local-explainer-video/projects/01-01-1989-0/images/scene_009.png,True,False,False,6,6,0.8333333333333334,64.32320216666666,24,56.35921763614887,64.06808558845243,829.579111511219,151.2295763739224,6.874895475761724
01-01-1989-0,10,4815a238,Regional Frequency Tuning,/Users/davidmontgomery/local-explainer-video/projects/01-01-1989-0/images/scene_010.png,True,False,False,7,7,0.42857142857142855,49.046335510204074,49,42.95467726811174,42.790247893092264,589.3126281622477,140.02867324788627,5.994815823341238
01-01-1989-0,11,3f17be16,The Sensory Anchor,/Users/davidmontgomery/local-explainer-video/projects/01-01-1989-0/images/scene_011.png,True,False,False,9,9,0.6666666666666666,75.55923345714287,35,47.776997928894595,52.19254911696468,945.079807106555,135.80652837643677,5.920745758613606
01-01-1989-0,12,8eef02e9,The Session Two Dip,/Users/davidmontgomery/local-explainer-video/projects/01-01-1989-0/images/scene_012.png,True,False,False,6,5,0.8333333333333334,63.77033772,25,61.75102189365053,62.08062138038865,519.1626187492542,128.07337882853946,6.824811838207223
01-01-1989-0,13,a886908c,The Behavior Lag Mystery,/Users/davidmontgomery/local-explainer-video/projects/01-01-1989-0/images/scene_013.png,True,False,False,2,2,0.5,80.0153071875,32,50.67769746249171,47.37373836580937,588.6937338555659,114.085473179501,6.649637913277359
01-01-1989-0,14,cce6641a,What The Data Shows,/Users/davidmontgomery/local-explainer-video/projects/01-01-1989-0/images/scene_014.png,True,False,False,1,2,0.0,55.78811413513513,37,49.03011222945708,55.71205847277365,997.0297721116013,132.64236079267548,6.840229913066333
01-01-1989-0,15,9c30f56c,The Path Forward,/Users/davidmontgomery/local-explainer-video/projects/01-01-1989-0/images/scene_015.png,True,False,False,0,0,,78.75397987878786,33,60.330212175688,58.79050049369124,608.9421245428608,123.95521735639092,6.899914965699164
01-01-1991-0,0,e1b33764,The Brain's Workaround,/Users/davidmontgomery/local-explainer-video/projects/01-01-1991-0/images/scene_000.png,True,False,False,1,0,0.0,40.70426966666667,15,48.98954728427553,63.44042177914561,477.7779379577869,157.95682855499834,6.721397512381014
01-01-1991-0,1,aef81643,The Journey Map,/Users/davidmontgomery/local-explainer-video/projects/01-01-1991-0/images/scene_001.png,True,False,False,5,5,1.0,87.71670865384615,26,43.88042290077918,46.713653907045035,550.6683268703147,178.86531985659815,6.080715031680054
01-01-1991-0,2,f8d965f2,A Complex Starting Point,/Users/davidmontgomery/local-explainer-video/projects/01-01-1991-0/images/scene_002.png,True,False,False,6,17,0.3333333333333333,46.65098370588234,51,77.67834828829575,65.35530481579667,495.1674151743507,118.40907995896883,7.150779250452514
01-01-1991-0,3,1fd2d77d,The Measurement Tool,/Users/davidmontgomery/local-explainer-video/projects/01-01-1991-0/images/scene_003.png,True,False,False,2,1,0.0,58.33865842857145,42,56.94736405835544,56.98551387815718,447.3789918615489,148.10056910021552,7.046483102040247
01-01-1991-0,4,49f5c0b9,The Steady Wins,/Users/davidmontgomery/local-explainer-video/projects/01-01-1991-0/images/scene_004.png,True,False,False,12,12,1.0,87.1822749090909,22,56.55671250725298,53.81667390460845,446.6913828295011,157.93401662487565,6.627355476318117
01-01-1991-0,5,031f1cc8,The Session 2 Mystery,/Users/davidmontgomery/local-explainer-video/projects/01-01-1991-0/images/scene_005.png,True,False,False,5,5,0.6,53.95532465,40,59.61443654675066,62.30601926195188,858.8713221858393,136.82160249502653,7.0089013645155855
01-01-1991-0,6,54669fe7,High Effort Compensation,/Users/davidmontgomery/local-explainer-video/projects/01-01-1991-0/images/scene_006.png,True,False,False,6,4,0.3333333333333333,50.855081025000004,40,62.568204601500334,65.95532011663934,824.2309916112762,132.11938606080074,7.139966513484766
01-01-1991-0,7,0cad09f9,The Motor Strip Connection,/Users/davidmontgomery/local-explainer-video/projects/01-01-1991-0/images/scene_007.png,True,False,False,9,9,1.0,74.39806586111109,36,48.30125657949271,46.97812814241331,900.5480085086348,124.6051365374254,6.468882343082158
01-01-1991-0,8,5c78652d,The Session 3 Reorganization,/Users/davidmontgomery/local-explainer-video/projects/01-01-1991-0/images/scene_008.png,True,False,False,6,1,0.0,58.16824107692306,26,49.081617441354446,61.51818743524572,562.3136715774873,161.3686121933024,6.711496558836864
01-01-1991-0,9,577d2b32,The Data Quality Question,/Users/davidmontgomery/local-explainer-video/projects/01-01-1991-0/images/scene_009.png,True,False,False,2,1,0.5,61.91952305000001,20,43.430825311878316,50.921755163819554,424.6449011919149,139.04597809080735,6.431540534508766
01-01-1991-0,10,81422089,Fast But Fragmented,/Users/davidmontgomery/local-explainer-video/projects/01-01-1991-0/images/scene_010.png,True,False,False,11,8,0.0,44.79471786956522,46,41.38011270619197,35.87297303681278,716.6070839503027,113.90375225360577,5.3102450048707315
01-01-1991-0,11,46b69d84,The Theta Beta Story,/Users/davidmontgomery/local-explainer-video/projects/01-01-1991-0/images/scene_011.png,True,False,False,8,3,0.375,82.007688625,16,51.122548879932026,52.68919646528529,440.548724764462,151.96000367829907,6.27614375809666
01-01-1991-0,12,2b5d12e0,Multiple Paths to Improvement,/Users/davidmontgomery/local-explainer-video/projects/01-01-1991-0/images/scene_012.png,True,False,False,3,1,0.3333333333333333,43.101346105263154,38,47.355677920880304,43.48556395962325,427.9333891684032,131.03438950596816,6.575866017719138
01-01-1991-0,13,a4fc36da,What the Brain Accomplished,/Users/davidmontgomery/local-explainer-video/projects/01-01-1991-0/images/scene_013.png,True,False,False,6,0,0.0,96.405032125,8,48.26483364762931,56.05908268352946,334.7459827696091,184.89031221506133,6.579577133457996
01-01-1991-0,14,2aa03c72,The Path Forward,/Users/davidmontgomery/local-explainer-video/projects/01-01-1991-0/images/scene_014.png,True,False,False,3,3,1.0,54.17992145161289,31,79.42706023603283,58.10803164910458,430.6660674564495,138.91494257190817,7.504320107928
01-01-2013-0,0,0ec1338d,A Young Brain Rewiring,/Users/davidmontgomery/local-explainer-video/projects/01-01-2013-0/images/scene_000.png,True,False,False,1,3,1.0,42.985921999999995,15,46.86807922848972,50.88023470553105,613.8987056540954,171.0595042585378,6.540745467240287
01-01-2013-0,1,9a6a905a,Our Journey Map,/Users/davidmontgomery/local-explainer-video/projects/01-01-2013-0/images/scene_001.png,True,False,False,7,7,1.0,77.63232868292681,41,45.56859639215849,60.06336289005458,843.1155972724647,166.2399552646303,6.001953005433015
01-01-2013-0,2,d5d464f8,The Patient and Timeline,/Users/davidmontgomery/local-explainer-video/projects/01-01-2013-0/images/scene_002.png,True,False,False,8,7,0.875,92.15267829411765,17,40.93992910208057,34.30503296195765,274.3033021802801,105.60225347625166,5.674277581257069
01-01-2013-0,3,18222f9b,The Baseline Puzzle,/Users/davidmontgomery/local-explainer-video/projects/01-01-2013-0/images/scene_003.png,True,False,False,3,3,0.3333333333333333,50.18425416129032,31,53.48772238167275,53.3045120041242,714.3228255928534,142.28113731971155,6.732292854256198
01-01-2013-0,4,d4963d21,The Alpha Awakening,/Users/davidmontgomery/local-explainer-video/projects/01-01-2013-0/images/scene_004.png,True,False,False,7,7,0.42857142857142855,58.15066352777779,36,77.06796823192971,71.23448332456904,796.0882475860634,119.12965291880802,7.399657362082397
01-01-2013-0,5,33d2e5b8,The Left Brain Catches Up,/Users/davidmontgomery/local-explainer-video/projects/01-01-2013-0/images/scene_005.png,True,False,False,7,8,0.42857142857142855,43.600667022727265,44,66.67933308113231,71.64614229357704,928.9291515491611,154.92079932440694,7.2229323615414405
01-01-2013-0,6,c6eec0a8,Session Two's Wild Ride,/Users/davidmontgomery/local-explainer-video/projects/01-01-2013-0/images/scene_006.png,True,False,False,1,2,1.0,54.067483187499995,16,46.78492506113229,55.5221126512927,439.72325392547566,151.32851549548243,6.654797357125242
01-01-2013-0,7,6da765b3,The Coherence Flip,/Users/davidmontgomery/local-explainer-video/projects/01-01-2013-0/images/scene_007.png,True,False,False,5,4,0.6,90.32333600000001,13,61.86876567162633,56.51890552142902,1164.9314856942628,123.5192430734002,6.887234462834814
01-01-2013-0,8,2b8015cb,The Recovery,/Users/davidmontgomery/local-explainer-video/projects/01-01-2013-0/images/scene_008.png,True,False,False,8,9,0.75,69.83906861538463,39,64.24244394479443,55.200620262248705,936.7183185468932,129.65051884739722,6.9887547952538895
01-01-2013-0,9,13274c7b,Speed Versus Power,/Users/davidmontgomery/local-explainer-video/projects/01-01-2013-0/images/scene_009.png,True,False,False,6,19,0.5,57.156858534246595,73,78.63891472044926,56.17749408986462,578.2675104438613,118.66868951529344,7.253421218249661
01-01-2013-0,10,36bbd846,The Motor Mystery,/Users/davidmontgomery/local-explainer-video/projects/01-01-2013-0/images/scene_010.png,True,False,False,4,4,1.0,69.384886,20,47.93220855955736,46.26423221425068,456.3517279235915,124.77273551475464,6.091045389196083
01-01-2013-0,11,1ac1e6e2,Executive Function Wins,/Users/davidmontgomery/local-explainer-video/projects/01-01-2013-0/images/scene_011.png,True,False,False,7,1,0.14285714285714285,49.967963125,16,153.38746541880803,69.61298601234772,463.19643728786855,90.77714623570127,7.461564467957543
01-01-2013-0,12,f58480a8,Quality Check,/Users/davidmontgomery/local-explainer-video/projects/01-01-2013-0/images/scene_012.png,True,False,False,2,2,1.0,80.20001481818181,22,46.520801169802716,43.429408761412766,475.8442434518341,110.51809230976458,5.6451406825179316
01-01-2013-0,13,28ef022b,The Adolescent Brain Advantage,/Users/davidmontgomery/local-explainer-video/projects/01-01-2013-0/images/scene_013.png,True,False,False,1,2,1.0,41.37815119354839,31,75.43107981390915,58.773944083380776,617.678526527545,115.8753691250829,7.252490688513673
01-01-2013-0,14,55430b12,The LUMIT Connection,/Users/davidmontgomery/local-explainer-video/projects/01-01-2013-0/images/scene_014.png,True,False,False,1,1,1.0,85.88929994117649,17,53.28655244943634,48.044398656785326,769.0121936841375,128.66610045901027,6.707492514930941
01-19-1966-0,0,246de123,A Brain Working Smarter,/Users/davidmontgomery/local-explainer-video/projects/01-19-1966-0/images/scene_000.png,True,False,False,1,1,0.0,74.15625308333333,12,46.99379157514092,52.08952799099946,382.5338621832222,131.12881364493535,6.783073121622137
01-19-1966-0,1,ecfd0f1c,What We'll Explore,/Users/davidmontgomery/local-explainer-video/projects/01-19-1966-0/images/scene_001.png,True,False,False,6,6,1.0,93.34756,32,43.87833961061837,46.54511553831663,744.1705770138069,121.13821208761605,6.0577382856035475
01-19-1966-0,2,3504465b,A Complex Case,/Users/davidmontgomery/local-explainer-video/projects/01-19-1966-0/images/scene_002.png,True,False,False,5,2,0.2,34.55830788235294,17,54.94925760527188,36.05647055869483,313.61105120565435,142.99151659897214,6.49875930703129
01-19-1966-0,3,5fedb1c0,Mapping Brain Activity,/Users/davidmontgomery/local-explainer-video/projects/01-19-1966-0/images/scene_003.png,True,False,False,2,0,0.0,94.61773819999999,5,48.6967883527437,54.63872366614661,960.1794579707303,150.69195605209714,6.8049919164960455
01-19-1966-0,4,4645a262,The Breakthrough Discovery,/Users/davidmontgomery/local-explainer-video/projects/01-19-1966-0/images/scene_004.png,True,False,False,8,5,0.125,57.71284337142857,35,72.42386438992042,49.29365515375553,922.0855492843056,108.04202262412964,7.11884185034217
01-19-1966-0,5,a06efb07,The Puzzle Emerges,/Users/davidmontgomery/local-explainer-video/projects/01-19-1966-0/images/scene_005.png,True,False,False,6,5,0.3333333333333333,66.78036326923076,26,47.66505071908156,52.34507234316894,805.7953844120749,143.50256185759284,6.580268569364793
01-19-1966-0,6,2b139439,The Alpha Slowdown,/Users/davidmontgomery/local-explainer-video/projects/01-19-1966-0/images/scene_006.png,True,False,False,5,4,0.2,45.89161640425532,47,94.26148302801724,44.76228909891004,797.2996607921707,116.58802726603946,7.103583432693076
01-19-1966-0,7,529ea1de,Compensatory Power,/Users/davidmontgomery/local-explainer-video/projects/01-19-1966-0/images/scene_007.png,True,False,False,11,3,0.18181818181818182,75.13638835,20,68.53426516909815,72.62634738472222,687.1962725335483,157.14552659254807,7.173145344572265
01-19-1966-0,8,bbeb8775,Right Brain Takes Over,/Users/davidmontgomery/local-explainer-video/projects/01-19-1966-0/images/scene_008.png,True,False,False,9,5,0.2222222222222222,58.975986295454554,44,73.83411907327586,70.48994704444324,806.0826662402151,154.44555534544926,7.224394556324888
01-19-1966-0,9,178916f1,Software vs Hardware,/Users/davidmontgomery/local-explainer-video/projects/01-19-1966-0/images/scene_009.png,True,False,False,1,4,1.0,75.06566462857147,35,50.45229543994529,55.23846255287153,921.335273363615,129.54367073524537,6.7233649561307836
01-19-1966-0,10,767874fe,Session 3 Anomaly,/Users/davidmontgomery/local-explainer-video/projects/01-19-1966-0/images/scene_010.png,True,False,False,5,3,0.6,81.91369028571428,21,45.41487522277023,43.270080986543896,396.31559609742743,134.16982926993535,6.35869409767698
01-19-1966-0,11,c58ce478,The Theta-Beta Spike,/Users/davidmontgomery/local-explainer-video/projects/01-19-1966-0/images/scene_011.png,True,False,False,11,10,0.8181818181818182,87.07056970270271,37,50.460433676641244,38.85096975828155,543.7708594170607,107.72032946680206,5.995381346354124
01-19-1966-0,12,89d74234,The Simple Explanation,/Users/davidmontgomery/local-explainer-video/projects/01-19-1966-0/images/scene_012.png,True,False,False,5,2,0.2,63.61466142857142,28,97.958960414249,56.12453143980127,429.01989289912893,85.89939528245192,7.407914543647479
01-19-1966-0,13,28977c99,The Overall Trajectory,/Users/davidmontgomery/local-explainer-video/projects/01-19-1966-0/images/scene_013.png,True,False,False,5,0,0.0,83.55799338095238,21,55.877141573068634,45.40294886779588,744.8062428628275,116.37188186443137,6.8248061990838815
01-19-1966-0,14,d50f115a,LUMIT Treatment Success,/Users/davidmontgomery/local-explainer-video/projects/01-19-1966-0/images/scene_014.png,True,False,False,0,1,,59.08875060526316,38,47.184975702503316,46.70100440928051,623.9680901639197,135.59195359126326,6.828533781584846
04-08-1997-0,0,0cce5df4,Title Card,/Users/davidmontgomery/local-explainer-video/projects/04-08-1997-0/images/scene_000.png,True,False,False,2,1,0.5,58.61474342307691,26,48.07494599117208,53.10505426387637,482.26378090715457,155.42652727122015,6.825900779642266
04-08-1997-0,1,599880a1,The Roadmap,/Users/davidmontgomery/local-explainer-video/projects/04-08-1997-0/images/scene_001.png,True,False,False,5,5,1.0,87.08032135483869,31,45.308114534980106,51.36381613334818,680.9646597403523,165.47187720179875,6.078049203530742
04-08-1997-0,2,c44343b6,Meet the Patient,/Users/davidmontgomery/local-explainer-video/projects/04-08-1997-0/images/scene_002.png,True,False,False,7,4,0.5714285714285714,95.8204794375,16,40.50688968729277,40.372488922628236,375.5079050106893,101.53853860141744,6.274254333594098
04-08-1997-0,3,fddf414b,The Measurement Tool,/Users/davidmontgomery/local-explainer-video/projects/04-08-1997-0/images/scene_003.png,True,False,False,1,0,0.0,54.33165360000002,35,74.26161643111737,41.833418864397956,568.8940741374925,116.17113545465848,6.848732317584544
04-08-1997-0,4,07bf48ed,The Breakthrough,/Users/davidmontgomery/local-explainer-video/projects/04-08-1997-0/images/scene_004.png,True,False,False,12,16,0.5,57.71062949230769,65,108.93495174175231,62.01967201426068,1137.0882123675187,113.03076301392574,7.599441379968545
04-08-1997-0,5,8d9bbdd9,Session 2 Peak,/Users/davidmontgomery/local-explainer-video/projects/04-08-1997-0/images/scene_005.png,True,False,False,8,5,0.625,69.89392912820513,39,52.436784415409484,44.88762605785411,685.4033042159604,119.97401424175231,6.7521490957043016
04-08-1997-0,6,efea11f6,Brain Timing Synchronization,/Users/davidmontgomery/local-explainer-video/projects/04-08-1997-0/images/scene_006.png,True,False,False,14,13,0.5714285714285714,60.447432155555596,90,51.00479733090186,45.13455793329733,732.8747309340251,151.50534842817473,6.5102297885125395
04-08-1997-0,7,3b745d80,Voltage Amplification,/Users/davidmontgomery/local-explainer-video/projects/04-08-1997-0/images/scene_007.png,True,False,False,14,16,0.42857142857142855,55.78154045312501,64,58.22163435634947,42.52350900203951,473.7892744841619,102.26966789103946,6.6298215853901
04-08-1997-0,8,9e20295e,The Session 3 Puzzle,/Users/davidmontgomery/local-explainer-video/projects/04-08-1997-0/images/scene_008.png,True,False,False,13,13,0.8461538461538461,91.51813795348839,43,177.68861708906664,77.22365438781317,684.0009606010909,56.94332181490385,5.71428696333254
04-08-1997-0,9,cb1c276a,Metric Resilience,/Users/davidmontgomery/local-explainer-video/projects/04-08-1997-0/images/scene_009.png,True,False,False,0,0,,89.4163846451613,31,90.17421084942805,43.704756912572414,822.2420672111745,155.85230269292938,6.775020103171539
04-08-1997-0,10,906a9e72,Processing Stage Shift,/Users/davidmontgomery/local-explainer-video/projects/04-08-1997-0/images/scene_010.png,True,False,False,4,5,1.0,66.18409772,50,82.79608364762932,58.74381083712693,963.7704384593624,110.40139373860245,7.226727280377439
04-08-1997-0,11,48d8729d,Attention Regulation,/Users/davidmontgomery/local-explainer-video/projects/04-08-1997-0/images/scene_011.png,True,False,False,9,9,0.7777777777777778,86.67321035483874,31,180.7665756589854,61.072460569630834,649.018499207074,59.98242122741213,7.188366889064395
04-08-1997-0,12,3ad1d0f4,Alpha Frequency Slowing,/Users/davidmontgomery/local-explainer-video/projects/04-08-1997-0/images/scene_012.png,True,False,False,10,8,0.6,53.46574164285715,56,113.56094319877322,48.15153801771325,856.3077798693457,66.7366052926061,7.398540735985206
04-08-1997-0,13,6522b108,Parietal Recruitment Pattern,/Users/davidmontgomery/local-explainer-video/projects/04-08-1997-0/images/scene_013.png,True,False,False,3,4,1.0,86.39069973913045,23,62.57814442763594,56.56534258491084,861.4544724855697,117.83341967838196,6.886052658762022
04-08-1997-0,14,4b8fe919,Pattern Synthesis,/Users/davidmontgomery/local-explainer-video/projects/04-08-1997-0/images/scene_014.png,True,False,False,7,1,0.14285714285714285,54.45036245652176,46,79.74100435697116,39.73139366797107,687.313115772937,76.95368516350298,6.972724506974861
04-08-1997-0,15,ff39cbb3,Conclusion and Next Steps,/Users/davidmontgomery/local-explainer-video/projects/04-08-1997-0/images/scene_015.png,True,False,False,7,5,0.5714285714285714,87.03442921874999,32,51.789949047786806,44.28743056100296,642.4488044564532,147.46108515003317,6.698003279187728
07-14-2008-0,0,8062186d,Title Card,/Users/davidmontgomery/local-explainer-video/projects/07-14-2008-0/images/scene_000.png,True,False,False,1,1,0.0,54.995584521739126,23,48.11053418227785,45.39251966291158,268.30106798959645,137.46670362234747,6.673135496549506
07-14-2008-0,1,6e358311,Our Investigation Roadmap,/Users/davidmontgomery/local-explainer-video/projects/07-14-2008-0/images/scene_001.png,True,False,False,7,7,1.0,81.84772985714282,35,48.04849785518899,49.228139485284174,754.6615826407877,105.62653219288794,6.051891164956464
07-14-2008-0,2,453d64d3,The Starting Point,/Users/davidmontgomery/local-explainer-video/projects/07-14-2008-0/images/scene_002.png,True,False,False,5,4,0.8,48.52315414634147,41,71.46740690276857,74.0955222362647,544.9788635428087,120.66348549921253,6.830237042120045
07-14-2008-0,3,575c79e5,The P300 Breakthrough,/Users/davidmontgomery/local-explainer-video/projects/07-14-2008-0/images/scene_003.png,True,False,False,9,6,0.6666666666666666,81.26122083333333,18,68.01408892158489,70.65306545936284,512.1115705019085,131.3674044419347,7.109334595571005
07-14-2008-0,4,b4ac9699,What P300 Means in Autism,/Users/davidmontgomery/local-explainer-video/projects/07-14-2008-0/images/scene_004.png,True,False,False,6,6,0.3333333333333333,66.47502507692306,26,59.390799848723475,47.11924676003297,462.0222385418519,183.53418745855438,6.846211540409325
07-14-2008-0,5,bf5d940c,Executive Control Transforms,/Users/davidmontgomery/local-explainer-video/projects/07-14-2008-0/images/scene_005.png,True,False,False,8,6,0.625,80.74239266666665,27,177.42824014112236,56.51784989533222,541.5419295068559,70.95914691955404,6.914044699700002
07-14-2008-0,6,363cdb5c,Setting Up the Mystery,/Users/davidmontgomery/local-explainer-video/projects/07-14-2008-0/images/scene_006.png,True,False,False,0,0,,85.80012140000001,10,69.02025331046916,63.82191142831265,1059.9106372463164,130.5147125486986,7.1044665003830065
07-14-2008-0,7,44ce9cbd,Rest State - Network Quieting,/Users/davidmontgomery/local-explainer-video/projects/07-14-2008-0/images/scene_007.png,True,False,False,6,2,0.0,43.00187606060606,33,55.947156182650865,57.95202374664886,1162.9588652059024,137.05633366835212,6.8848887843111335
07-14-2008-0,8,4d945e1d,Task State - Beta Network Explosion,/Users/davidmontgomery/local-explainer-video/projects/07-14-2008-0/images/scene_008.png,True,False,False,5,2,0.0,47.53397459999999,45,76.34684417481763,68.74197279678594,649.9315837628624,146.7806807702669,7.469177546553274
07-14-2008-0,9,8e62766e,The Solution - State Flexibility,/Users/davidmontgomery/local-explainer-video/projects/07-14-2008-0/images/scene_009.png,True,False,False,0,2,,48.35257462,50,76.8209419554045,51.848547192962656,1494.2151440512241,118.77357478862731,7.215323587748729
07-14-2008-0,10,8678cec1,Why This Matters in Autism,/Users/davidmontgomery/local-explainer-video/projects/07-14-2008-0/images/scene_010.png,True,False,False,0,1,,68.5884424,25,74.46882123466511,51.45278693870245,1090.2046385059964,137.38097594081566,6.931151439886376
07-14-2008-0,11,048963cc,Frontal Regions Join the Team,/Users/davidmontgomery/local-explainer-video/projects/07-14-2008-0/images/scene_011.png,True,False,False,3,5,1.0,45.43420055714285,70,60.147100878647215,65.43487337415776,708.7429981648578,121.84811215185677,7.104945858465329
07-14-2008-0,12,9f705d4e,The Mechanism,/Users/davidmontgomery/local-explainer-video/projects/07-14-2008-0/images/scene_012.png,True,False,False,0,1,,57.407284485714285,35,46.71717830425232,50.15637655745978,502.11244524562346,174.87778333264257,6.745423553761188
07-14-2008-0,13,4787411c,The Broader Picture,/Users/davidmontgomery/local-explainer-video/projects/07-14-2008-0/images/scene_013.png,True,False,False,2,3,1.0,58.97264352830188,53,55.1712876378067,55.22848208085949,812.9471466596897,129.08914824063328,6.864251450240444
07-14-2008-0,14,08446d5e,Conclusion and Next Steps,/Users/davidmontgomery/local-explainer-video/projects/07-14-2008-0/images/scene_014.png,True,False,False,2,2,1.0,63.067407290322585,31,48.51866542502487,47.2728379405398,646.3609748223727,154.4405086932195,6.629037508421374
09-05-1954-0,0,5986cb6e,Title Card: A Brain Finding Its Rhythm,/Users/davidmontgomery/local-explainer-video/projects/09-05-1954-0/images/scene_000.png,True,False,False,0,2,,47.69233610344828,29,51.00721153846154,61.06350897037007,609.1735352236432,129.658447265625,6.820067826052254
09-05-1954-0,1,31f16306,Roadmap: What We Will Explore,/Users/davidmontgomery/local-explainer-video/projects/09-05-1954-0/images/scene_001.png,True,False,True,6,6,1.0,81.20976482758623,29,38.61722182215683,49.11938727312533,705.1966483064174,87.52646821120689,5.692240305844973
09-05-1954-0,2,079bf2e6,The Patient and Baseline,/Users/davidmontgomery/local-explainer-video/projects/09-05-1954-0/images/scene_002.png,True,False,True,8,5,0.375,95.07177118181818,11,56.00017743907493,62.410924287066756,340.1566453029778,180.18106945250332,4.656702162263873
09-05-1954-0,3,c111f696,The Brain as an Orchestra,/Users/davidmontgomery/local-explainer-video/projects/09-05-1954-0/images/scene_003.png,True,False,True,0,1,,45.728358421052626,19,57.14414817192468,53.31959205114174,717.9325831141125,154.034914557349,7.139538486968321
09-05-1954-0,4,857de7fb,Signal Strength: Nearly Doubled,/Users/davidmontgomery/local-explainer-video/projects/09-05-1954-0/images/scene_004.png,True,False,True,8,4,0.0,70.95151136363637,11,44.76182495440982,55.6956440281084,299.8359199926897,141.67287099013595,6.016860589701339
09-05-1954-0,5,7847164f,Processing Speed: From Lagging to Landing,/Users/davidmontgomery/local-explainer-video/projects/09-05-1954-0/images/scene_005.png,True,False,True,8,5,0.625,83.97969778571428,14,42.07922201384284,51.81779354839719,399.1966269879666,172.8233211932195,4.772785924121702
09-05-1954-0,6,01964c74,Reaction Time: Faster and Steadier,/Users/davidmontgomery/local-explainer-video/projects/09-05-1954-0/images/scene_006.png,True,False,True,9,9,0.6666666666666666,86.68770433333331,21,47.4022446690567,37.11947681627672,250.1259348688205,99.34183313992042,4.822503721167077
09-05-1954-0,7,30ee3cb7,The Orchestra Was Out of Sync,/Users/davidmontgomery/local-explainer-video/projects/09-05-1954-0/images/scene_007.png,True,False,True,3,6,0.6666666666666666,39.63311102830188,106,52.51524227557195,55.62185052802104,943.1121778802636,129.83331671191146,6.619568007873687
09-05-1954-0,8,fca1785b,The Orchestra Finds Its Rhythm,/Users/davidmontgomery/local-explainer-video/projects/09-05-1954-0/images/scene_008.png,True,False,True,6,6,0.5,42.70114020000001,50,50.232693861903186,57.375171648681565,753.5507442208735,137.2243762433687,6.630548377115405
09-05-1954-0,9,42307526,Fronto-Central Coordination: Building Session by Session,/Users/davidmontgomery/local-explainer-video/projects/09-05-1954-0/images/scene_009.png,True,False,True,9,10,0.8888888888888888,74.68902186000001,50,51.73468260423574,58.30171353517141,1081.3701580672202,156.9416633423823,6.301061498964252
09-05-1954-0,10,ffba5be9,Frontal Alpha Balance: Left-Right Harmony,/Users/davidmontgomery/local-explainer-video/projects/09-05-1954-0/images/scene_010.png,True,False,True,7,7,1.0,86.92940152631579,19,48.59829671439821,47.694444173293284,654.5001383566322,110.39887785974801,3.2527356527461317
09-05-1954-0,11,6ad16e0a,The Frequency Puzzle,/Users/davidmontgomery/local-explainer-video/projects/09-05-1954-0/images/scene_011.png,True,False,True,5,6,0.6,81.67755057142857,28,41.64290054108584,48.14915999555946,747.7392652139374,112.74764803436048,3.308657960986114
09-05-1954-0,12,e482e67f,State Ratios: Quiet Normalization,/Users/davidmontgomery/local-explainer-video/projects/09-05-1954-0/images/scene_012.png,True,False,True,3,5,1.0,64.84957305882354,17,44.40113729380803,33.463123615764886,274.6886321016755,94.81245207849801,3.758661657014354
09-05-1954-0,15,3f59c29e,Verdict: The Data Speaks,/Users/davidmontgomery/local-explainer-video/projects/09-05-1954-0/images/scene_015.png,True,False,True,0,0,,90.83512250000003,30,43.014692620445096,49.270630638462926,1066.8751060085058,160.27473480679873,3.764527918702315
09-23-1982-0,0,8a03ca17,Title Card,/Users/davidmontgomery/local-explainer-video/projects/09-23-1982-0/images/scene_000.png,True,False,False,0,0,,48.117272454545464,22,46.96137785974801,56.876319837501384,545.4080307779593,143.53520093356266,6.686494586269463
09-23-1982-0,1,c7b2ebdf,The Roadmap,/Users/davidmontgomery/local-explainer-video/projects/09-23-1982-0/images/scene_001.png,True,False,False,6,6,1.0,81.92662312903225,31,37.58028276276525,49.28441163975524,764.7350306159791,121.7005145733173,6.179825210961892
09-23-1982-0,2,e5652342,Baseline: Too Much Voltage,/Users/davidmontgomery/local-explainer-video/projects/09-23-1982-0/images/scene_002.png,True,False,False,3,2,0.3333333333333333,56.724475294117646,34,59.371776307609416,61.863452692277384,660.164635084495,128.58537280338197,7.0636675993951625
09-23-1982-0,3,23f61c96,The Crisis: Spring 2025,/Users/davidmontgomery/local-explainer-video/projects/09-23-1982-0/images/scene_003.png,True,False,False,1,1,1.0,73.2285248,10,46.61791733152354,49.4249645337052,315.6063758351425,150.37158980230438,6.9030034746015145
09-23-1982-0,4,64d1127c,The Voltage Crash,/Users/davidmontgomery/local-explainer-video/projects/09-23-1982-0/images/scene_004.png,True,False,False,5,6,0.6,63.00254175,24,60.6187954606681,64.19449493891368,792.2591659431777,132.08227862856432,7.1787369917850885
09-23-1982-0,5,3fe5068c,December: The Comeback,/Users/davidmontgomery/local-explainer-video/projects/09-23-1982-0/images/scene_005.png,True,False,False,4,5,0.25,52.97038556666668,30,76.07310684163627,64.34998989005845,625.6733833859882,128.69071915927552,7.4595599915569695
09-23-1982-0,6,3a9d21b8,The Goldilocks Zone,/Users/davidmontgomery/local-explainer-video/projects/09-23-1982-0/images/scene_006.png,True,False,False,4,4,0.25,74.41769608,25,53.577880859375,49.55020630586589,383.10117286934855,172.6605856007543,6.722798652488945
09-23-1982-0,7,02e8340b,The Frontal Lobes Wake Up,/Users/davidmontgomery/local-explainer-video/projects/09-23-1982-0/images/scene_007.png,True,False,False,2,3,1.0,53.8098764782609,46,72.3307975951177,62.322634400780615,500.1546512308429,115.54931770142574,7.437573627325663
09-23-1982-0,8,9677c125,Less Rumination,/Users/davidmontgomery/local-explainer-video/projects/09-23-1982-0/images/scene_008.png,True,False,False,2,2,0.0,87.08978421428571,14,87.1890438494695,54.811302578908844,838.6902986303963,119.37900015024039,7.5279048083337115
09-23-1982-0,9,3b26606a,The Anomaly: Beta Spike,/Users/davidmontgomery/local-explainer-video/projects/09-23-1982-0/images/scene_009.png,True,False,False,3,3,0.3333333333333333,41.73235152272728,44,68.9363822633455,58.7633828014605,593.8258244453046,158.6846713362069,7.17845770347391
09-23-1982-0,10,1beb5f05,Compensatory Alertness,/Users/davidmontgomery/local-explainer-video/projects/09-23-1982-0/images/scene_010.png,True,False,False,1,1,0.0,52.62534035714285,42,65.62881688287467,67.4096025063422,806.166504252978,163.5963694929128,7.2197289218480485
09-23-1982-0,11,af165c51,Theta-Beta Normalization,/Users/davidmontgomery/local-explainer-video/projects/09-23-1982-0/images/scene_011.png,True,False,False,5,3,0.4,79.45141907142859,14,150.52410710585212,53.30112211160583,366.1547628980337,90.91976256838528,7.611205875929501
09-23-1982-0,12,be50bd23,"Real Recovery, Not Just Contrast",/Users/davidmontgomery/local-explainer-video/projects/09-23-1982-0/images/scene_012.png,True,False,False,0,0,,63.20124541304348,46,81.86442100464191,54.58852255501106,628.5529735117684,114.55474384014423,7.183743830256874
09-23-1982-0,13,86c074ba,Looking Forward,/Users/davidmontgomery/local-explainer-video/projects/09-23-1982-0/images/scene_013.png,True,False,False,1,2,1.0,68.34467941935483,31,108.35409456855106,59.28627370145204,467.43224525848177,124.5306496860494,7.669489931161802
09-23-1982-0,14,1cade581,Conclusion and Recommendation,/Users/davidmontgomery/local-explainer-video/projects/09-23-1982-0/images/scene_014.png,True,False,False,3,3,1.0,87.2035733076923,26,47.60769321431532,41.7962365289846,791.0340389921547,108.13271795217175,6.086390718786817
10-07-1963-0,0,83c53e79,The Brain That Found Its Rhythm,/Users/davidmontgomery/local-explainer-video/projects/10-07-1963-0/images/scene_000.png,True,False,False,3,3,1.0,65.84406708,25,42.44078650841346,48.86689565996044,491.3453280822769,135.7399222376492,6.54874690444027
10-07-1963-0,1,5af8134b,The Journey Ahead,/Users/davidmontgomery/local-explainer-video/projects/10-07-1963-0/images/scene_001.png,True,False,False,7,6,0.8571428571428571,89.15624661111111,36,41.29379507211539,55.091475946124774,911.6783629326638,138.48488270888595,6.158054610053714
10-07-1963-0,2,9005b9bd,The Starting Point,/Users/davidmontgomery/local-explainer-video/projects/10-07-1963-0/images/scene_002.png,True,False,False,9,5,0.4444444444444444,76.73030425925928,27,46.27439333968833,43.86164938700511,570.5878220124471,134.09997979525863,6.373015089303244
10-07-1963-0,3,cba18dac,"Three Phases, Not Linear Progress",/Users/davidmontgomery/local-explainer-video/projects/10-07-1963-0/images/scene_003.png,True,False,False,5,0,0.0,81.77681469565219,23,52.18934238747513,51.79363661333394,662.2616216931164,138.7090964077006,6.4057297481218285
10-07-1963-0,4,60c2be88,The Headline Discovery,/Users/davidmontgomery/local-explainer-video/projects/10-07-1963-0/images/scene_004.png,True,False,False,8,4,0.375,68.83714149122808,57,48.01789414787798,47.96566763956525,634.5224524014707,149.55168139713197,6.606212234335539
10-07-1963-0,5,4ea6c510,The Hidden Pattern Part 1,/Users/davidmontgomery/local-explainer-video/projects/10-07-1963-0/images/scene_005.png,True,False,False,1,1,0.0,63.675753928571424,42,60.71571734602951,61.902713456556825,904.0763276812833,126.28062378253482,7.069706386552882
10-07-1963-0,6,90f95905,The Hidden Pattern Part 2,/Users/davidmontgomery/local-explainer-video/projects/10-07-1963-0/images/scene_006.png,True,False,False,6,2,0.0,72.1208934054054,37,52.97109426807029,58.838253376603795,927.1936420748779,150.7958835429791,6.787850371429297
10-07-1963-0,7,8ea8b23a,The Hidden Pattern Part 3,/Users/davidmontgomery/local-explainer-video/projects/10-07-1963-0/images/scene_007.png,True,False,False,9,7,0.5555555555555556,72.29965454878048,82,62.97091877175895,63.04130845836021,1059.9595064457528,139.37753077337533,7.184061614928938
10-07-1963-0,8,2314fddc,The Central Paradox,/Users/davidmontgomery/local-explainer-video/projects/10-07-1963-0/images/scene_008.png,True,False,False,8,6,0.375,69.8106059090909,55,89.80055135630802,55.48479390390321,655.8304957075196,187.22733571991049,7.337281698224319
10-07-1963-0,9,192ea078,Power Without Speed,/Users/davidmontgomery/local-explainer-video/projects/10-07-1963-0/images/scene_009.png,True,False,False,2,5,0.5,57.84787761403507,57,63.305939287342504,67.47643504946974,863.0126819964684,129.86733126450596,7.144560953305424
10-07-1963-0,10,94e4c8c2,The Connectivity Explosion,/Users/davidmontgomery/local-explainer-video/projects/10-07-1963-0/images/scene_010.png,True,False,False,11,7,0.5454545454545454,53.881117067567565,74,60.215916155503976,64.36952984111434,1733.5853855103546,121.28100974490219,7.115046876321294
10-07-1963-0,11,b162351f,The State Switching Discovery,/Users/davidmontgomery/local-explainer-video/projects/10-07-1963-0/images/scene_011.png,True,False,False,3,4,0.6666666666666666,51.63421510389611,77,68.1726624668435,55.754322966602665,1475.3282529426876,126.84974860639092,7.219075643327962
10-07-1963-0,12,4e929627,What About Session 2?,/Users/davidmontgomery/local-explainer-video/projects/10-07-1963-0/images/scene_012.png,True,False,False,6,7,0.8333333333333334,69.07296179365078,63,52.71905954699934,54.5589948287134,710.7727724760957,105.53875101023706,6.087091480175651
10-07-1963-0,13,ea70cf70,How Light Therapy Could Fit,/Users/davidmontgomery/local-explainer-video/projects/10-07-1963-0/images/scene_013.png,True,False,False,0,0,,79.03322165853658,41,96.11403115674734,48.40599306260596,784.9774695940737,149.6019588237732,7.209292636784989
10-07-1963-0,14,57e3f869,The Real Achievement,/Users/davidmontgomery/local-explainer-video/projects/10-07-1963-0/images/scene_014.png,True,False,False,4,4,0.75,52.66118376470589,51,70.09813222708057,59.7120201101838,905.9533548578456,115.66361760713694,7.282849678222034
10-07-1963-0,15,473bd56c,What To Watch Next,/Users/davidmontgomery/local-explainer-video/projects/10-07-1963-0/images/scene_015.png,True,False,False,4,5,1.0,73.83701913793104,58,56.0231713413876,44.751557178650174,700.5775199150003,140.4740809433024,6.6340138600910254
10-07-1963-0,16,604e6f01,The Bigger Picture,/Users/davidmontgomery/local-explainer-video/projects/10-07-1963-0/images/scene_016.png,True,False,False,1,2,0.0,57.95091042307692,52,74.71413852681532,51.32217550877997,920.8042238713209,105.615210414249,7.093661195152233
10-07-1963-0,17,1a60d3a1,Final Reflection,/Users/davidmontgomery/local-explainer-video/projects/10-07-1963-0/images/scene_017.png,True,False,False,3,2,0.6666666666666666,63.71582049999999,22,49.9279675066313,45.04519004994558,653.4136639846841,157.66796875,6.721883026040368
11-21-1996-0,0,deb791f4,When a Scattered Brain Learned to Fire Together,/Users/davidmontgomery/local-explainer-video/projects/11-21-1996-0/images/scene_000.png,True,False,False,2,2,0.0,50.70844264285713,28,45.30600080818966,43.61568863944623,751.2264542076168,149.2742949063329,6.751329340491463
11-21-1996-0,1,664e11ce,Our Investigation Roadmap,/Users/davidmontgomery/local-explainer-video/projects/11-21-1996-0/images/scene_001.png,True,False,False,6,7,1.0,85.82335938461539,39,40.989240327627655,57.485617686257875,864.3696824604118,157.52292461041114,6.2550366974005085
11-21-1996-0,2,ac937615,The Fog State,/Users/davidmontgomery/local-explainer-video/projects/11-21-1996-0/images/scene_002.png,True,False,False,8,5,0.5,64.416141975,40,54.32075350733587,46.561427340031756,460.24984819604276,107.89765262350795,6.8889881455202575
11-21-1996-0,3,916439e0,The Puzzle Appears,/Users/davidmontgomery/local-explainer-video/projects/11-21-1996-0/images/scene_003.png,True,False,False,8,2,0.125,58.63309518181818,22,54.29561738436671,58.56439832707135,523.1473026438546,136.1795353168518,6.907970823622309
11-21-1996-0,4,ef52fb43,The Synchronization Discovery,/Users/davidmontgomery/local-explainer-video/projects/11-21-1996-0/images/scene_004.png,True,False,False,10,3,0.2,56.44142913793105,29,61.18804980209715,56.803206324968365,771.137877108051,141.55117368824602,7.171972858182203
11-21-1996-0,5,caed29d9,What That Lag Meant,/Users/davidmontgomery/local-explainer-video/projects/11-21-1996-0/images/scene_005.png,True,False,False,5,1,0.2,81.38205278947368,19,62.52521966180371,56.39994381555596,438.3249180003012,114.2150218366628,7.036249138732497
11-21-1996-0,6,c6d5215c,Executive Function Triumph,/Users/davidmontgomery/local-explainer-video/projects/11-21-1996-0/images/scene_006.png,True,False,False,11,8,0.18181818181818182,59.00631338,50,47.69358991627984,50.69424774047427,645.9451548898077,142.5676198296585,6.700352686476058
11-21-1996-0,7,0d122406,The Right Brain Takeover,/Users/davidmontgomery/local-explainer-video/projects/11-21-1996-0/images/scene_007.png,True,False,False,12,6,0.25,48.60014019607843,51,81.23071871891578,68.01980564244934,723.4013908502262,115.75477596050231,7.403153453377274
11-21-1996-0,8,ed6c479d,Arousal System Normalization,/Users/davidmontgomery/local-explainer-video/projects/11-21-1996-0/images/scene_008.png,True,False,False,5,5,0.8,93.77687993103447,29,54.811573949353445,49.829355028443416,350.87532645890997,170.891185163503,6.53034354282132
11-21-1996-0,9,2385d2be,Processing Speed Reality Check,/Users/davidmontgomery/local-explainer-video/projects/11-21-1996-0/images/scene_009.png,True,False,False,6,6,0.0,54.311954666666665,78,62.45041937790119,58.76769522260718,971.2652267067779,108.00609898250995,7.18409402618062
11-21-1996-0,10,bb31b45b,The Sensory Gating Clue,/Users/davidmontgomery/local-explainer-video/projects/11-21-1996-0/images/scene_010.png,True,False,False,5,4,0.2,55.03757227272729,22,49.23622192059018,50.67272050575616,861.3767591754165,128.02224593832892,6.224984016187717
11-21-1996-0,11,5f67e5dd,The Time-of-Day Factor,/Users/davidmontgomery/local-explainer-video/projects/11-21-1996-0/images/scene_011.png,True,False,False,8,6,0.625,76.02710733333333,36,109.96221648603283,50.483482631803014,570.2114034342078,123.73488983235245,7.530525903300029
11-21-1996-0,12,37ffa735,Reaction Time Gains,/Users/davidmontgomery/local-explainer-video/projects/11-21-1996-0/images/scene_012.png,True,False,False,11,17,0.45454545454545453,33.92890276785713,224,49.014459989431366,43.17615305580293,759.5301352792665,143.65684772359913,6.11733345648264
11-21-1996-0,13,12028b09,Data Quality Note,/Users/davidmontgomery/local-explainer-video/projects/11-21-1996-0/images/scene_013.png,True,False,False,3,3,0.6666666666666666,85.73439155172416,29,51.43003654985908,48.403342119288645,603.1077755955273,136.94253629082394,6.501918952531195
11-21-1996-0,14,6f8799a4,The Path Forward,/Users/davidmontgomery/local-explainer-video/projects/11-21-1996-0/images/scene_014.png,True,False,False,9,6,0.5555555555555556,60.17764281578946,38,54.481704995233756,53.319215196233614,915.5527103157207,135.53193255760942,6.9915435047262475
